<?xml version="1.0" encoding="UTF-8"?>
<metadata><idinfo><citation><citeinfo><origin>Southeastern Pennsylvania Transportation Authority</origin><pubdate>11/01/2006</pubdate><title Sync="TRUE">Vector.SEPTAGIS.Highspeed_Stations</title><geoform Sync="TRUE">vector digital data</geoform><onlink Sync="TRUE">\\DN4BCK1\C$\Temp\ArcServe\GIS_20100728.gdb</onlink><ftname Sync="TRUE">Vector.SEPTAGIS.Highspeed_Stations</ftname></citeinfo></citation><descript><abstract>This data set shows the locations of train stops along the Market Frankford Line, Broad Street Line, and Broad Street Spur.  This data set also has ridership information as well as detailed information about each train stop location.</abstract><purpose>To be used for planning purposes.</purpose><langdata Sync="TRUE">en</langdata></descript><timeperd><timeinfo><sngdate><caldate>11/01/2006</caldate></sngdate></timeinfo><current>publication date</current></timeperd><status><progress>Complete</progress><update>REQUIRED: The frequency with which changes and additions are made to the data set after the initial data set is completed.</update></status><spdom><bounding><westbc Sync="TRUE">-75.358756</westbc><eastbc Sync="TRUE">-75.074163</eastbc><northbc Sync="TRUE">40.113652</northbc><southbc Sync="TRUE">39.903336</southbc></bounding><lboundng><leftbc Sync="TRUE">2639242.888263</leftbc><rightbc Sync="TRUE">2716861.919470</rightbc><bottombc Sync="TRUE">218949.007694</bottombc><topbc Sync="TRUE">293368.111181</topbc></lboundng></spdom><keywords><theme><themekt>None</themekt><themekey>Transportation</themekey></theme><stratum/><temporal/><place><placekt>None</placekt><placekey>Philadelphia, PA</placekey></place></keywords><accconst>Must contact SEPTA.</accconst><useconst>The Southeastern Pennsylvania Transportation Authority (SEPTA) excludes any and all implied warranties of merchantability and fitness.  No guarantees are expressed or implied as to the use or application of the digital information supplied.  DVRPC assumes no responsibility to maintain them in any manner or form.

DVRPC will not be liable for any direct, indirect, special, incidental, or consequential damages arising out of the use or inability to use the material supplied, or arising out of any inaccuracy or defect in the digital information supplied.

Recipients of DVRPC digital files are not entitled to any file revisions, updates, corrections, or new releases.

Recipients of DVRPC digital files are expressly prohibited from copying or releasing these files to any other individuals or agencies, under any circumstances.

Recipients of DVRPC digital files are expressly prohibited from displaying for view or making these files available for download from the Internet or World Wide Web, under any circumstances.</useconst><ptcontac><cntinfo><cntperp><cntper>Andy Ferry</cntper><cntorg>Southeastern Pennsylvania Transportation Authority</cntorg></cntperp><cntpos>GIS Manager</cntpos><cntaddr/><cntemail>aferry@septa.org</cntemail></cntinfo></ptcontac><datacred>Recipients of SEPTA digital files will credit SEPTA as the source of the data when producing maps, publications, reports, or other documents that utilize SEPTA files.</datacred><secinfo/><native Sync="TRUE">Microsoft Windows XP Version 5.1 (Build 2600) Service Pack 2; ESRI ArcCatalog 9.3.0.1770</native><natvform Sync="TRUE">SDE Feature Class</natvform></idinfo><dataqual><lineage><procstep/><procstep><procdesc>Metadata imported.</procdesc><srcused>C:\Nate\Documents\GIS\metadatatemplate.xml</srcused></procstep><procstep><procdesc Sync="TRUE">Metadata imported.</procdesc><srcused Sync="TRUE">C:\Nate\Documents\GIS\metadataSEPTA.xml</srcused><date Sync="TRUE">20061030</date><time Sync="TRUE">13191100</time></procstep><srcinfo><srccite><citeinfo><origin>Southeastern Pennsylvania Transportation Authority</origin><pubdate>11/01/2006</pubdate><title>Highspeed_Stations</title></citeinfo></srccite></srcinfo><procstep><procdesc Sync="TRUE">Dataset copied.</procdesc><srcused Sync="TRUE">Server=pwin-app-04; Service=5151; Database=Vector; User=septagis; Version=sde.DEFAULT</srcused><procdate Sync="TRUE">20100728</procdate><proctime Sync="TRUE">09063600</proctime></procstep></lineage><complete>Board data is accurate as of posted date.</complete></dataqual><spdoinfo><direct Sync="TRUE">Vector</direct><ptvctinf><esriterm><efeatyp Sync="TRUE">Simple</efeatyp><efeageom code="1" Sync="TRUE"></efeageom><esritopo Sync="TRUE">FALSE</esritopo><efeacnt Sync="TRUE">74</efeacnt><spindex Sync="TRUE">TRUE</spindex><linrefer Sync="TRUE">FALSE</linrefer></esriterm></ptvctinf></spdoinfo><spref><horizsys><planar><planci><plance Sync="TRUE">coordinate pair</plance><coordrep><absres Sync="TRUE">0.001200</absres><ordres Sync="TRUE">0.001200</ordres></coordrep><plandu Sync="TRUE">survey feet</plandu></planci></planar><geodetic><horizdn Sync="TRUE">North American Datum of 1983</horizdn><ellips Sync="TRUE">Geodetic Reference System 80</ellips><semiaxis Sync="TRUE">6378137.000000</semiaxis><denflat Sync="TRUE">298.257222</denflat></geodetic><cordsysn><geogcsn Sync="TRUE">GCS_North_American_1983</geogcsn><projcsn Sync="TRUE">NAD_1983_StatePlane_Pennsylvania_South_FIPS_3702_Feet</projcsn></cordsysn></horizsys><vertdef><altsys><altres Sync="TRUE">1.000000</altres><altenc Sync="TRUE">Explicit elevation coordinate included with horizontal coordinates</altenc></altsys></vertdef></spref><eainfo><detailed Name="SEPTAGISHighspeedStations_201207"><attr><attrlabl>SHAPE</attrlabl><attrdef>Feature geometry.</attrdef><attrdefs>ESRI</attrdefs><attrdomv><udom>Coordinates defining the features.</udom></attrdomv><attalias Sync="TRUE">Y</attalias><attrtype Sync="TRUE">Double</attrtype><attwidth Sync="TRUE">19</attwidth><atprecis Sync="TRUE">18</atprecis><attscale Sync="TRUE">8</attscale></attr><attr><attrlabl Sync="TRUE">LABEL</attrlabl><attalias Sync="TRUE">FID</attalias><attrtype Sync="TRUE">OID</attrtype><attwidth Sync="TRUE">4</attwidth><atprecis Sync="TRUE">0</atprecis><attscale Sync="TRUE">0</attscale><attrdef Sync="TRUE">Internal feature number.</attrdef><attrdefs Sync="TRUE">ESRI</attrdefs><attrdomv><udom Sync="TRUE">Sequential unique whole numbers that are automatically generated.</udom></attrdomv></attr><attr><attrlabl Sync="TRUE">Y</attrlabl><attalias Sync="TRUE">HS_STOPS_I</attalias><attrtype Sync="TRUE">Double</attrtype><attwidth Sync="TRUE">19</attwidth><atprecis Sync="TRUE">18</atprecis><attscale Sync="TRUE">8</attscale><attrdef Sync="TRUE">Internal feature number.</attrdef><attrdefs Sync="TRUE">ESRI</attrdefs><attrdomv><udom Sync="TRUE">Sequential unique whole numbers that are automatically generated.</udom></attrdomv></attr><attr><attrlabl Sync="TRUE">HS_STOPS_I</attrlabl><attalias Sync="TRUE">STOP_ID</attalias><attrtype Sync="TRUE">Double</attrtype><attwidth Sync="TRUE">19</attwidth><atprecis Sync="TRUE">18</atprecis><attscale Sync="TRUE">8</attscale><attrdef>Stop Number</attrdef></attr><enttyp><enttypl Sync="TRUE">SEPTAGISHighspeedStations_201207</enttypl><enttypt Sync="TRUE">Feature Class</enttypt><enttypc Sync="TRUE">74</enttypc><enttypd>This data set shows the train stops for all Philadelphia subway systems</enttypd></enttyp><attr><attrlabl Sync="TRUE">STOP_ID</attrlabl><attalias Sync="TRUE">LONGITUDE</attalias><attrtype Sync="TRUE">Double</attrtype><attwidth Sync="TRUE">19</attwidth><atprecis Sync="TRUE">18</atprecis><attscale Sync="TRUE">8</attscale><attrdef>ID associated with stop in database</attrdef></attr><attr><attrlabl Sync="TRUE">LONGITUDE</attrlabl><attalias Sync="TRUE">LATTITUDE</attalias><attrtype Sync="TRUE">Double</attrtype><attwidth Sync="TRUE">19</attwidth><atprecis Sync="TRUE">18</atprecis><attscale Sync="TRUE">8</attscale><attrdef>coordinates</attrdef></attr><attr><attrlabl Sync="TRUE">LATTITUDE</attrlabl><attalias Sync="TRUE">STOP_NAME</attalias><attrtype Sync="TRUE">String</attrtype><attwidth Sync="TRUE">254</attwidth><atprecis Sync="TRUE">0</atprecis><attscale Sync="TRUE">0</attscale><attrdef>coordinates</attrdef></attr><attr><attrlabl Sync="TRUE">STOP_NAME</attrlabl><attalias Sync="TRUE">ONSTREET</attalias><attrtype Sync="TRUE">String</attrtype><attwidth Sync="TRUE">254</attwidth><atprecis Sync="TRUE">0</atprecis><attscale Sync="TRUE">0</attscale><attrdef>Listed subway stop name</attrdef></attr><attr><attrlabl Sync="TRUE">ONSTREET</attrlabl><attalias Sync="TRUE">ON_SUFFIX</attalias><attrtype Sync="TRUE">String</attrtype><attwidth Sync="TRUE">254</attwidth><atprecis Sync="TRUE">0</atprecis><attscale Sync="TRUE">0</attscale><attrdef>Street subway station is located on</attrdef></attr><attr><attrlabl Sync="TRUE">ON_SUFFIX</attrlabl><attalias Sync="TRUE">ATSTREET</attalias><attrtype Sync="TRUE">String</attrtype><attwidth Sync="TRUE">254</attwidth><atprecis Sync="TRUE">0</atprecis><attscale Sync="TRUE">0</attscale><attrdef>Suffix of Street located on</attrdef></attr><attr><attrlabl Sync="TRUE">ATSTREET</attrlabl><attalias Sync="TRUE">AT_SUFFIX</attalias><attrtype Sync="TRUE">String</attrtype><attwidth Sync="TRUE">254</attwidth><atprecis Sync="TRUE">0</atprecis><attscale Sync="TRUE">0</attscale><attrdef>Cross Street associated with subway station</attrdef></attr><attr><attrlabl Sync="TRUE">AT_SUFFIX</attrlabl><attalias Sync="TRUE">STOP_DIREC</attalias><attrtype Sync="TRUE">String</attrtype><attwidth Sync="TRUE">254</attwidth><atprecis Sync="TRUE">0</atprecis><attscale Sync="TRUE">0</attscale><attrdef>suffix of cross street of subway stop</attrdef></attr><attr><attrlabl Sync="TRUE">STOP_DIREC</attrlabl><attalias Sync="TRUE">TAXI_STAND</attalias><attrtype Sync="TRUE">String</attrtype><attwidth Sync="TRUE">254</attwidth><atprecis Sync="TRUE">0</atprecis><attscale Sync="TRUE">0</attscale><attrdef>Direction of train at each location</attrdef></attr><attr><attrlabl Sync="TRUE">TAXI_STAND</attrlabl><attalias Sync="TRUE">REST_ROOM</attalias><attrtype Sync="TRUE">String</attrtype><attwidth Sync="TRUE">254</attwidth><atprecis Sync="TRUE">0</atprecis><attscale Sync="TRUE">0</attscale><attrdef>Is there room for idle taxi service?</attrdef></attr><attr><attrlabl Sync="TRUE">REST_ROOM</attrlabl><attalias Sync="TRUE">SHELTER</attalias><attrtype Sync="TRUE">String</attrtype><attwidth Sync="TRUE">254</attwidth><atprecis Sync="TRUE">0</atprecis><attscale Sync="TRUE">0</attscale><attrdef>Is there a rest room located at stop?</attrdef></attr><attr><attrlabl Sync="TRUE">SHELTER</attrlabl><attalias Sync="TRUE">PARKING</attalias><attrtype Sync="TRUE">String</attrtype><attwidth Sync="TRUE">254</attwidth><atprecis Sync="TRUE">0</atprecis><attscale Sync="TRUE">0</attscale><attrdef>Is there a shelter located at stop?</attrdef></attr><attr><attrlabl Sync="TRUE">PARKING</attrlabl><attalias Sync="TRUE">PLATFORM</attalias><attrtype Sync="TRUE">String</attrtype><attwidth Sync="TRUE">254</attwidth><atprecis Sync="TRUE">0</atprecis><attscale Sync="TRUE">0</attscale><attrdef>Is there parking located at stop?</attrdef></attr><attr><attrlabl Sync="TRUE">PLATFORM</attrlabl><attalias Sync="TRUE">BENCH</attalias><attrtype Sync="TRUE">String</attrtype><attwidth Sync="TRUE">254</attwidth><atprecis Sync="TRUE">0</atprecis><attscale Sync="TRUE">0</attscale><attrdef>Is there a platform located at stop?</attrdef></attr><attr><attrlabl Sync="TRUE">BENCH</attrlabl><attalias Sync="TRUE">ELEVATOR</attalias><attrtype Sync="TRUE">String</attrtype><attwidth Sync="TRUE">254</attwidth><atprecis Sync="TRUE">0</atprecis><attscale Sync="TRUE">0</attscale><attrdef>Are there benches located at stop?</attrdef></attr><attr><attrlabl Sync="TRUE">ELEVATOR</attrlabl><attalias Sync="TRUE">ESCALATOR</attalias><attrtype Sync="TRUE">String</attrtype><attwidth Sync="TRUE">254</attwidth><atprecis Sync="TRUE">0</atprecis><attscale Sync="TRUE">0</attscale><attrdef>Is there an elevator located at stop?</attrdef></attr><attr><attrlabl Sync="TRUE">ESCALATOR</attrlabl><attalias Sync="TRUE">CENTROIDX</attalias><attrtype Sync="TRUE">String</attrtype><attwidth Sync="TRUE">254</attwidth><atprecis Sync="TRUE">0</atprecis><attscale Sync="TRUE">0</attscale><attrdef>Is there an escalator located at stop?</attrdef></attr><attr><attrlabl Sync="TRUE">CENTROIDX</attrlabl><attalias Sync="TRUE">CENTROIDY</attalias><attrtype Sync="TRUE">String</attrtype><attwidth Sync="TRUE">254</attwidth><atprecis Sync="TRUE">0</atprecis><attscale Sync="TRUE">0</attscale><attrdef>X coordinate of center of stop</attrdef></attr><attr><attrlabl Sync="TRUE">CENTROIDY</attrlabl><attalias Sync="TRUE">LINE_NAME</attalias><attrtype Sync="TRUE">String</attrtype><attwidth Sync="TRUE">50</attwidth><atprecis Sync="TRUE">0</atprecis><attscale Sync="TRUE">0</attscale><attrdef>Y coordinate of center of stop</attrdef></attr><attr><attrlabl Sync="TRUE">LINE_NAME</attrlabl><attalias Sync="TRUE">Shape</attalias><attrtype Sync="TRUE">Geometry</attrtype><attwidth Sync="TRUE">0</attwidth><atprecis Sync="TRUE">0</atprecis><attscale Sync="TRUE">0</attscale><attrdef>Name of subway line</attrdef><attrdefs Sync="TRUE">ESRI</attrdefs><attrdomv><udom Sync="TRUE">Coordinates defining the features.</udom></attrdomv></attr><attr><attrlabl>Shape</attrlabl><attrdef>Feature geometry.</attrdef><attrdefs>ESRI</attrdefs><attrdomv><udom>Coordinates defining the features.</udom></attrdomv><attalias Sync="TRUE">OBJECTID</attalias><attrtype Sync="TRUE">Double</attrtype><attwidth Sync="TRUE">10</attwidth><atprecis Sync="TRUE">10</atprecis><attscale Sync="TRUE">0</attscale></attr><attr><attrlabl>OBJECTID</attrlabl><attrdef>Internal feature number.</attrdef><attrdefs>ESRI</attrdefs><attrdomv><udom>Sequential unique whole numbers that are automatically generated.</udom></attrdomv><attalias Sync="TRUE">WEEKDAY_BO</attalias><attrtype Sync="TRUE">Integer</attrtype><attwidth Sync="TRUE">5</attwidth><atprecis Sync="TRUE">5</atprecis><attscale Sync="TRUE">0</attscale></attr><attr><attrlabl Sync="TRUE">WEEKDAY_BO</attrlabl><attalias Sync="TRUE">SATURDAY_B</attalias><attrtype Sync="TRUE">Integer</attrtype><attwidth Sync="TRUE">5</attwidth><atprecis Sync="TRUE">5</atprecis><attscale Sync="TRUE">0</attscale></attr><attr><attrlabl Sync="TRUE">SATURDAY_B</attrlabl><attalias Sync="TRUE">SUNDAY_BOA</attalias><attrtype Sync="TRUE">Integer</attrtype><attwidth Sync="TRUE">5</attwidth><atprecis Sync="TRUE">5</atprecis><attscale Sync="TRUE">0</attscale></attr><attr><attrlabl Sync="TRUE">SUNDAY_BOA</attrlabl><attalias Sync="TRUE">SEQUENCE</attalias><attrtype Sync="TRUE">Integer</attrtype><attwidth Sync="TRUE">5</attwidth><atprecis Sync="TRUE">5</atprecis><attscale Sync="TRUE">0</attscale></attr><attr><attrlabl Sync="TRUE">SEQUENCE</attrlabl><attalias Sync="TRUE">X</attalias><attrtype Sync="TRUE">Double</attrtype><attwidth Sync="TRUE">19</attwidth><atprecis Sync="TRUE">18</atprecis><attscale Sync="TRUE">8</attscale><attrdef>Order in which the train stops at that location</attrdef></attr><attr><attrlabl Sync="TRUE">X</attrlabl><attalias Sync="TRUE">LABEL</attalias><attrtype Sync="TRUE">String</attrtype><attwidth Sync="TRUE">50</attwidth><atprecis Sync="TRUE">0</atprecis><attscale Sync="TRUE">0</attscale></attr></detailed></eainfo><distinfo><distrib><cntinfo><cntperp><cntper>Andy Ferry</cntper><cntorg>SEPTA</cntorg></cntperp><cntpos>GIS Manager</cntpos><cntaddr><addrtype>mailing address</addrtype><address>1234 Market Street</address><city>Philadelphia</city><state>PA</state><postal>19107-3780</postal><country>USA</country></cntaddr><cntemail>aferry@septa.org</cntemail></cntinfo></distrib><resdesc>Downloadable Data</resdesc><distliab>Recipients of SEPTA digital files are expressly prohibited from copying or releasing these files to any other individuals or agencies, under any circumstances.

Recipients of SEPTA digital files are expressly prohibited from displaying for view or making these files available for  download from the Internet or World Wide Web, under any circumstances.</distliab><stdorder><digform><digtinfo><transize>0.000</transize></digtinfo></digform></stdorder></distinfo><metainfo><metd Sync="TRUE">20090107</metd><metc><cntinfo><cntorgp><cntorg>Southeastern Pennsylvania Transportation Authority</cntorg><cntper>Nathan Miller</cntper></cntorgp><cntaddr><addrtype>mailing address</addrtype><address>190 N. Independence Mall West</address><city>Philadelphia</city><state>PA</state><postal>19106-1520</postal><country>USA</country></cntaddr><cntvoice>215-580-7800</cntvoice><cntemail>nmiller@septa.org</cntemail></cntinfo></metc><metstdn Sync="TRUE">FGDC Content Standards for Digital Geospatial Metadata</metstdn><metstdv Sync="TRUE">FGDC-STD-001-1998</metstdv><mettc Sync="TRUE">local time</mettc><metac>None</metac><metuc>None</metuc><metextns><onlink>http://www.esri.com/metadata/esriprof80.html</onlink><metprof>ESRI Metadata Profile</metprof></metextns><metextns><onlink>http://www.esri.com/metadata/esriprof80.html</onlink><metprof>ESRI Metadata Profile</metprof></metextns><langmeta Sync="TRUE">en</langmeta></metainfo><Esri><CreaDate>20120727</CreaDate><CreaTime>07531200</CreaTime><SyncOnce>FALSE</SyncOnce><SyncDate>20120727</SyncDate><SyncTime>10473500</SyncTime><ModDate>20120727</ModDate><ModTime>10473500</ModTime><ArcGISFormat>1.0</ArcGISFormat><DataProperties><itemProps><itemLocation><linkage Sync="TRUE">file://\\ALCES\D$\DATA\SEPTA\SEPTA_Zip\SEPTAGISHighspeedStations_201207.shp</linkage><protocol Sync="TRUE">Local Area Network</protocol></itemLocation><itemName Sync="TRUE">SEPTAGISHighspeedStations_201207</itemName><imsContentType Sync="TRUE">002</imsContentType><nativeExtBox><westBL Sync="TRUE">2639242.888263</westBL><eastBL Sync="TRUE">2716861.919470</eastBL><southBL Sync="TRUE">218949.007694</southBL><northBL Sync="TRUE">293368.111181</northBL><exTypeCode Sync="TRUE">1</exTypeCode></nativeExtBox><itemSize Sync="TRUE">0.002</itemSize></itemProps><coordRef><type Sync="TRUE">Projected</type><geogcsn Sync="TRUE">GCS_North_American_1983</geogcsn><csUnits Sync="TRUE">Linear Unit: Foot_US (0.304801)</csUnits><projcsn Sync="TRUE">NAD_1983_StatePlane_Pennsylvania_South_FIPS_3702_Feet</projcsn><peXml Sync="TRUE">&lt;ProjectedCoordinateSystem xsi:type='typens:ProjectedCoordinateSystem' xmlns:xsi='http://www.w3.org/2001/XMLSchema-instance' xmlns:xs='http://www.w3.org/2001/XMLSchema' xmlns:typens='http://www.esri.com/schemas/ArcGIS/10.0'&gt;&lt;WKT&gt;PROJCS[&amp;quot;NAD_1983_StatePlane_Pennsylvania_South_FIPS_3702_Feet&amp;quot;,GEOGCS[&amp;quot;GCS_North_American_1983&amp;quot;,DATUM[&amp;quot;D_North_American_1983&amp;quot;,SPHEROID[&amp;quot;GRS_1980&amp;quot;,6378137.0,298.257222101]],PRIMEM[&amp;quot;Greenwich&amp;quot;,0.0],UNIT[&amp;quot;Degree&amp;quot;,0.0174532925199433]],PROJECTION[&amp;quot;Lambert_Conformal_Conic&amp;quot;],PARAMETER[&amp;quot;False_Easting&amp;quot;,1968500.0],PARAMETER[&amp;quot;False_Northing&amp;quot;,0.0],PARAMETER[&amp;quot;Central_Meridian&amp;quot;,-77.75],PARAMETER[&amp;quot;Standard_Parallel_1&amp;quot;,39.93333333333333],PARAMETER[&amp;quot;Standard_Parallel_2&amp;quot;,40.96666666666667],PARAMETER[&amp;quot;Latitude_Of_Origin&amp;quot;,39.33333333333334],UNIT[&amp;quot;Foot_US&amp;quot;,0.3048006096012192],AUTHORITY[&amp;quot;EPSG&amp;quot;,2272]]&lt;/WKT&gt;&lt;XOrigin&gt;-119214200&lt;/XOrigin&gt;&lt;YOrigin&gt;-96198500&lt;/YOrigin&gt;&lt;XYScale&gt;37163717.489134133&lt;/XYScale&gt;&lt;ZOrigin&gt;-100000&lt;/ZOrigin&gt;&lt;ZScale&gt;10000&lt;/ZScale&gt;&lt;MOrigin&gt;-100000&lt;/MOrigin&gt;&lt;MScale&gt;10000&lt;/MScale&gt;&lt;XYTolerance&gt;0.0032808333333333335&lt;/XYTolerance&gt;&lt;ZTolerance&gt;0.001&lt;/ZTolerance&gt;&lt;MTolerance&gt;0.001&lt;/MTolerance&gt;&lt;HighPrecision&gt;true&lt;/HighPrecision&gt;&lt;WKID&gt;2272&lt;/WKID&gt;&lt;/ProjectedCoordinateSystem&gt;</peXml></coordRef></DataProperties></Esri><dataIdInfo><envirDesc Sync="TRUE">Microsoft Windows 7 Version 6.1 (Build 7601) Service Pack 1; ESRI ArcGIS 10.0.4.4000</envirDesc><dataLang><languageCode Sync="TRUE" value="eng"/><countryCode value="USA" Sync="TRUE"></countryCode></dataLang><idCitation><resTitle Sync="TRUE">SEPTAGISHighspeedStations_201207</resTitle><presForm><PresFormCd Sync="TRUE" value="005"/></presForm></idCitation><spatRpType><SpatRepTypCd Sync="TRUE" value="001"/></spatRpType><dataExt><geoEle><GeoBndBox esriExtentType="native"><westBL Sync="TRUE">2639242.888263</westBL><eastBL Sync="TRUE">2716861.91947</eastBL><northBL Sync="TRUE">293368.111181</northBL><southBL Sync="TRUE">218949.007694</southBL><exTypeCode Sync="TRUE">1</exTypeCode></GeoBndBox></geoEle></dataExt><geoBox esriExtentType="decdegrees"><westBL Sync="TRUE">-75.358756</westBL><eastBL Sync="TRUE">-75.074163</eastBL><northBL Sync="TRUE">40.113652</northBL><southBL Sync="TRUE">39.903336</southBL><exTypeCode Sync="TRUE">1</exTypeCode></geoBox><dataExt><geoEle><GeoBndBox esriExtentType="search"><exTypeCode Sync="TRUE">1</exTypeCode><westBL Sync="TRUE">-75.358756</westBL><eastBL Sync="TRUE">-75.074163</eastBL><northBL Sync="TRUE">40.113652</northBL><southBL Sync="TRUE">39.903336</southBL></GeoBndBox></geoEle></dataExt></dataIdInfo><mdLang><languageCode Sync="TRUE" value="eng"/><countryCode value="USA" Sync="TRUE"></countryCode></mdLang><mdStanName Sync="TRUE">ISO 19115 Geographic Information - Metadata</mdStanName><mdStanVer Sync="TRUE">DIS_ESRI1.0</mdStanVer><mdChar><CharSetCd Sync="TRUE" value="004"/></mdChar><mdHrLv><ScopeCd Sync="TRUE" value="005"/></mdHrLv><mdHrLvName Sync="TRUE">dataset</mdHrLvName><distInfo><distributor><distorTran><onLineSrc><orDesc Sync="TRUE">002</orDesc><linkage Sync="TRUE">file://\\DN4BCK1\C$\Temp\ArcServe\GIS_20100728.gdb</linkage><protocol Sync="TRUE">Local Area Network</protocol></onLineSrc></distorTran><distorFormat><formatName Sync="TRUE">SDE Feature Class</formatName></distorFormat></distributor><distFormat><formatName Sync="TRUE">Shapefile</formatName></distFormat><distTranOps><transSize Sync="TRUE">0.002</transSize></distTranOps></distInfo><refSysInfo><RefSystem><refSysID><identCode Sync="TRUE" value="2272">NAD_1983_StatePlane_Pennsylvania_South_FIPS_3702_Feet</identCode><idCodeSpace Sync="TRUE">EPSG</idCodeSpace><idVersion Sync="TRUE">7.4.1</idVersion></refSysID></RefSystem></refSysInfo><spatRepInfo><VectSpatRep><geometObjs Name="SEPTAGISHighspeedStations_201207"><geoObjTyp><GeoObjTypCd value="004" Sync="TRUE"></GeoObjTypCd></geoObjTyp><geoObjCnt Sync="TRUE">74</geoObjCnt></geometObjs><topLvl><TopoLevCd value="001" Sync="TRUE"></TopoLevCd></topLvl></VectSpatRep></spatRepInfo><mdDateSt Sync="TRUE">20120727</mdDateSt></metadata>
