<metadata>
  <idinfo>
    <citation>
      <citeinfo>
        <title>Healthy Corner Stores </title>
        <geoform>vector digital data</geoform>
      </citeinfo>
    </citation>
    <descript>
      <abstract>The City of Philadelphia has migrated metadata for this dataset to the City-wide metadata Catalog. For any questions about the migration and administration of the Metadata Catalog, please contact maps@phila.gov. To view the metadata for this layer, please visit: http://metadata.phila.gov/#home/datasetdetails/555a50b80ae7565761d95791/representationdetails/556497acf3bb5b3c57247a70/</abstract>
      <purpose>Healthy corner stores as of 4/22/15.</purpose>
    </descript>
    <spdom>
      <bounding>
        <westbc>-75.271587</westbc>
        <eastbc>-75.027777</eastbc>
        <northbc>40.086583</northbc>
        <southbc>39.908857</southbc>
      </bounding>
    </spdom>
    <keywords />
    <native>Microsoft Windows Server 2008 R2 Version 6.1 (Build 7601) Service Pack 1; ESRI ArcGIS 10.0.0.2414</native>
  </idinfo>
  <spdoinfo>
    <direct>Vector</direct>
    <ptvctinf>
      <sdtsterm>
        <sdtstype>Entity point</sdtstype>
        <ptvctcnt>669</ptvctcnt>
      </sdtsterm>
    </ptvctinf>
  </spdoinfo>
  <spref>
    <horizsys>
      <planar>
        <mapproj>
          <mapprojn>NAD 1983 StatePlane Pennsylvania South FIPS 3702 Feet</mapprojn>
          <lambertc>
            <stdparll>39.93333333333333</stdparll>
            <stdparll>40.96666666666667</stdparll>
            <longcm>-77.75</longcm>
            <latprjo>39.33333333333334</latprjo>
            <feast>1968500.0</feast>
            <fnorth>0.0</fnorth>
          </lambertc>
        </mapproj>
        <planci>
          <plance>coordinate pair</plance>
          <coordrep>
            <absres>0.0003280833333333335</absres>
            <ordres>0.0003280833333333335</ordres>
          </coordrep>
          <plandu>Foot_US</plandu>
        </planci>
      </planar>
      <geodetic>
        <horizdn>D North American 1983</horizdn>
        <ellips>GRS 1980</ellips>
        <semiaxis>6378137.0</semiaxis>
        <denflat>298.257222101</denflat>
      </geodetic>
    </horizsys>
  </spref>
  <eainfo>
    <detailed>
      <enttyp>
        <enttypl>Healthy_corner_stores</enttypl>
      </enttyp>
      <attr>
        <attrlabl>ObjectID</attrlabl>
        <attrdef>Internal feature number.</attrdef>
        <attrdefs>Esri</attrdefs>
        <attrdomv>
          <udom>Sequential unique whole numbers that are automatically generated.</udom>
        </attrdomv>
      </attr>
      <attr>
        <attrlabl>Shape</attrlabl>
        <attrdef>Feature geometry.</attrdef>
        <attrdefs>Esri</attrdefs>
        <attrdomv>
          <udom>Coordinates defining the features.</udom>
        </attrdomv>
      </attr>
      <attr>
        <attrlabl>Official_Store_Name</attrlabl>
      </attr>
      <attr>
        <attrlabl>Store_Address</attrlabl>
      </attr>
      <attr>
        <attrlabl>CDC_Store_Level</attrlabl>
      </attr>
      <attr>
        <attrlabl>Category</attrlabl>
      </attr>
      <attr>
        <attrlabl>Zip</attrlabl>
      </attr>
    </detailed>
  </eainfo>
  <metainfo>
    <metd>20160524</metd>
    <metstdn>FGDC Content Standard for Digital Geospatial Metadata</metstdn>
    <metstdv>FGDC-STD-001-1998</metstdv>
  </metainfo><distinfo><distrib><cntinfo><cntperp><cntorg>Pennsylvania Spatial Data Access (PASDA) </cntorg></cntperp><cntaddr><addrtype>mailing and physical address</addrtype><address>115 Land and Water Building</address><city>University Park</city><state>Pennsylvania</state><postal>16802</postal><country>United States</country></cntaddr><cntvoice>(814) 865 8792</cntvoice><cntemail>(814) 865 8792</cntemail></cntinfo></distrib><distliab>The USER shall indemnify, save harmless, and, if requested, defend those parties involved with the development and distribution of this data, their officers, agents, and employees from and against any suits, claims, or actions for injury, death, or property damage arising out of the use of or any defect in the FILES or any accompanying documentation. Those parties involved with the development and distribution excluded any and all implied warranties, including warranties or merchantability and fitness for a particular purpose and makes no warranty or representation, either express or implied, with respect to the FILES or accompanying documentation, including its quality, performance, merchantability, or fitness for a particular purpose. The FILES and documentation are provided "as is" and the USER assumes the entire risk as to its quality and performance. Those parties involved with the development and distribution of this data will not be liable for any direct, indirect, special, incidental, or consequential damages arising out of the use or inability to use the FILES or any accompanying documentation.</distliab></distinfo>
</metadata>