<?xml version="1.0" encoding="ISO-8859-1"?>
<!DOCTYPE metadata SYSTEM "http://www.fgdc.gov/metadata/fgdc-std-001-1998.dtd">
<metadata>
	<idinfo>
		<citation>
			<citeinfo>
				<origin>City Planning Commission (PCPC) Department - GIS Division</origin>
				<pubdate>201201</pubdate>
				<pubtime>Unknown</pubtime>
				<title>Philadelphia Empowerment Zones </title>
				<geoform>vector digital data</geoform>
				<pubinfo>
					<pubplace>Philadelphia , PA</pubplace>
					<publish>City Planning Commission (PCPC) Department - GIS Division</publish>
				</pubinfo>
				<onlink>http://www.pasda.psu.edu/</onlink>
			</citeinfo>
		</citation>
		<descript>
			<abstract>Commercial/industrial zones with special amenities.</abstract>
			<purpose>To illustrate the boundaries of the city's various empowerment zones.</purpose>
		</descript>
		<timeperd>
			<timeinfo>
				<sngdate>
					<caldate>201201</caldate>
				</sngdate>
			</timeinfo>
			<current>publication date</current>
		</timeperd>
		<status>
			<progress>Complete</progress>
			<update>As needed</update>
		</status>
		<spdom>
			<bounding>
				<westbc>
-75.230130</westbc>
				<eastbc>
-75.125470</eastbc>
				<northbc>
39.993630</northbc>
				<southbc>
39.958650</southbc>
			</bounding>
		</spdom>
		<keywords>
			<theme>
				<themekt>ISO 19115 Topic Categories</themekt>
				<themekey>empowerment zone</themekey>
				<themekey>Boundaries</themekey></theme>
			<place>
				<placekt>City of Philadelphia</placekt>
				<placekey>Philadelphia</placekey>
			</place>
		</keywords>
		<accconst>City of Philadelphia employees only</accconst>
		<useconst>None</useconst>
		<ptcontac>
			<cntinfo>
				<cntperp>
					<cntper>Maryanne Longacre</cntper>
					<cntorg>Philadelphia City Planning Commission - GIS Division</cntorg>
				</cntperp>
				<cntpos>GIS Manager</cntpos>
				<cntaddr>
					<addrtype>mailing and physical address</addrtype>
					<address>1515 Arch Street - 13th Floor</address>
					<city>Philadelphia</city>
					<state>PA</state>
					<postal>19102</postal>
					<country>USA</country>
				</cntaddr>
				<cntvoice>215-683-4609</cntvoice>
				<cnttdd></cnttdd>
				<cntfax>215-683-4630</cntfax>
				<cntemail>maryann.longacre@phila.gov</cntemail>
				<hours>8:30 AM - 4:30 PM</hours>
				<cntinst></cntinst>
			</cntinfo>
		</ptcontac>
		<native>Microsoft Windows 2000 Version 5.0 (Build 2195) Service Pack 4; ESRI ArcCatalog 8.3.0.800</native>
		<crossref>
		</crossref>
	</idinfo>
	<dataqual>
		<attracc>
			<attraccr>None completed.</attraccr>
		</attracc>
		<logic>None completed.</logic>
		<complete>Citywide</complete>
		<posacc>
			<horizpa>
			</horizpa>
		</posacc>
		<lineage>
			<procstep>
				<procdesc>From PCPC projects division data.</procdesc>
				<procdate>Unknown</procdate>
			</procstep>
			<procstep>
				<procdesc>Metadata imported.</procdesc>
				<srcused>C:\work\phila\notfromphila\empowermentzones.xml</srcused>
			</procstep>
			<procstep>
				<procdesc>Dataset copied.</procdesc>
				<srcused>\\pc82\c$\work\phila\notfromphila\empowerzones</srcused>
			</procstep>
			<procstep>
				<procdesc>Metadata imported.</procdesc>
				<srcused>E:\UCI\Philly\empowerzones.shp.shp.xml</srcused>
			</procstep>
			<procstep>
				<procdesc>Dataset copied.</procdesc>
				<srcused></srcused>
			</procstep>
			<procstep>
				<procdesc>Metadata imported.</procdesc>
				<srcused>W:\philadelphiaempowermentzones.xml</srcused>
			</procstep>
		</lineage>
	</dataqual>
	<spdoinfo>
		<direct>Vector</direct>
		<ptvctinf>
			<sdtsterm>
				<sdtstype>G-polygon</sdtstype>
				<ptvctcnt>2</ptvctcnt>
			</sdtsterm>
			<sdtsterm>
				<sdtstype>Label point</sdtstype>
				<ptvctcnt>2</ptvctcnt>
			</sdtsterm>
			<sdtsterm>
				<sdtstype>GT-polygon composed of chains</sdtstype>
				<ptvctcnt>2</ptvctcnt>
			</sdtsterm>
			<sdtsterm>
				<sdtstype>Point</sdtstype>
				<ptvctcnt>4</ptvctcnt>
			</sdtsterm>
		</ptvctinf>
	</spdoinfo>
	<spref>
		<horizsys>
			<geograph>
				<latres>0.000010</latres>
				<longres>0.000010</longres>
				<geogunit>Decimal degrees</geogunit>
			</geograph>
			<geodetic>
				<horizdn>North American Datum of 1983</horizdn>
				<ellips>Geodetic Reference System 80</ellips>
				<semiaxis>6378137.000000</semiaxis>
				<denflat>298.257222</denflat>
			</geodetic>
		</horizsys>
		<vertdef>
			<altsys>
				<altres>1.000000</altres>
				<altenc>Explicit elevation coordinate included with horizontal coordinates</altenc>
			</altsys>
		</vertdef>
	</spref>
	<eainfo>
		<detailed>
			<enttyp>
				<enttypl>PhiladelphiaEmpowermentZones</enttypl>
				<enttypd>Unknown</enttypd>
				<enttypds>City Planning Commission (PCPC) Department - GIS Division</enttypds>
			</enttyp>
			<attr>
				<attrlabl>SHAPE..Area()</attrlabl>
				<attrdef>Area of feature in internal units squared.</attrdef>
				<attrdefs>ESRI</attrdefs>
				<attrdomv>
					<udom>Positive real numbers that are automatically generated.</udom>
				</attrdomv>
			</attr>
			<attr>
				<attrlabl>SHAPE..Length()</attrlabl>
			</attr>
			<attr>
				<attrlabl>PERIMETER</attrlabl>
			</attr>
			<attr>
				<attrlabl>PERIMETER</attrlabl>
				<attrdef>Perimeter of feature in internal units.</attrdef>
				<attrdefs>ESRI</attrdefs>
				<attrdomv>
					<udom>Positive real numbers that are automatically generated.</udom>
				</attrdomv>
			</attr>
			<attr>
				<attrlabl>OBJECTID</attrlabl>
			</attr>
			<attr>
				<attrlabl>SHAPE</attrlabl>
				<attrdef>Feature geometry.</attrdef>
				<attrdefs>ESRI</attrdefs>
				<attrdomv>
					<udom>Coordinates defining the features.</udom>
				</attrdomv>
			</attr>
			<attr>
				<attrlabl>SHAPE..Area()</attrlabl>
			</attr>
			<attr>
				<attrlabl>SHAPE..Length()</attrlabl>
			</attr>
		</detailed>
		<overview>
			<eaover>MANDATORY - overview of the contents of the table</eaover>
		</overview>
	</eainfo>
	<distinfo>
		<distrib>
			<cntinfo>
				<cntorgp>
					<cntorg>City of Philadelphia - Non-Commercial Data Distribution Committee</cntorg>
					<cntper></cntper>
				</cntorgp>
				<cntpos></cntpos>
				<cntaddr>
					<addrtype></addrtype>
					<address></address>
					<city></city>
					<state></state>
					<postal></postal>
					<country></country>
				</cntaddr>
				<cntvoice></cntvoice>
				<cnttdd></cnttdd>
				<cntfax></cntfax>
				<cntemail></cntemail>
				<hours></hours>
				<cntinst></cntinst>
			</cntinfo>
		</distrib>
		<distliab>This dataset contains errors that are an artifact of the interpretation, source material and conversion process. The data and documentation are provided "as is." The City of Philadelphia (CITY) makes no warranty or representation, either express or implied, with respect to the data or accompanying documentation, including its quality, performance or accuracy. The CITY will not be liable for any direct, indirect, special, incidental, or consequential damages arising out of the use or inability to use the data or any accompanying documentation. The CITY is working to correct errors found in its datasets. Users discovering errors or making corrections to the data are requested to report such errors to the CITY at 215-686-5031 or e-mail to marion.storey@phila.gov</distliab>
		<stdorder>
			<digform>
				<digtinfo>
					<formname>ESRI Shapefile/ArcInfo Export File</formname>
					<formvern>2D</formvern>
					<filedec>PKzipped using WinZip by Nico Mak computing.</filedec>
				</digtinfo>
				<digtopt>
					<onlinopt>
						<computer>
							<networka>
							</networka>
						</computer>
						<accinstr>Will e-mail or FTP to a City agency upon request.</accinstr>
						<oncomp>Windows OS</oncomp>
					</onlinopt>
				</digtopt>
			</digform>
			<fees>none</fees>
			<ordering>Please contact the Paul Reisner at 215-686-5071 for access to this data set.</ordering>
		</stdorder>
		<availabl>
			<timeinfo>
				<sngdate>
					<caldate>unknown</caldate>
				</sngdate>
			</timeinfo>
		</availabl>
	</distinfo>
	<distinfo>
		<distrib>
			<cntinfo>
				<cntorgp>
					<cntorg>City of Philadelphia - GIS Working Group</cntorg>
					<cntper></cntper>
				</cntorgp>
				<cntpos></cntpos>
				<cntaddr>
					<addrtype></addrtype>
					<address></address>
					<city></city>
					<state></state>
					<postal></postal>
					<country></country>
				</cntaddr>
				<cntvoice></cntvoice>
				<cnttdd></cnttdd>
				<cntfax></cntfax>
				<cntemail></cntemail>
				<hours></hours>
				<cntinst></cntinst>
			</cntinfo>
		</distrib>
		<resdesc></resdesc>
		<distliab>This dataset contains errors that are an artifact of the interpretation, source material and conversion process. The data and documentation are provided "as is." The City of Philadelphia (CITY) makes no warranty or representation, either express or implied, with respect to the data or accompanying documentation, including its quality, performance or accuracy. The CITY will not be liable for any direct, indirect, special, incidental, or consequential damages arising out of the use or inability to use the data or any accompanying documentation. The CITY is working to correct errors found in its datasets. Users discovering errors or making corrections to the data are requested to report such errors to the CITY at 215-686-XXXX</distliab>
		<stdorder>
			<digform>
				<digtinfo>
					<formname></formname>
					<formvern></formvern>
					<formspec></formspec>
					<formcont></formcont>
					<filedec></filedec>
					<transize></transize>
				</digtinfo>
				<digtopt>
					<onlinopt>
						<computer>
							<networka>
								<networkr></networkr>
							</networka>
						</computer>
						<accinstr></accinstr>
						<oncomp></oncomp>
					</onlinopt>
				</digtopt>
			</digform>
			<fees>N/A</fees>
			<ordering>N/A</ordering>
			<turnarnd>N/A</turnarnd>
		</stdorder>
		<stdorder>
			<nondig>N/A</nondig>
			<digform>
				<digtinfo>
				</digtinfo>
			</digform>
			<fees>N/A</fees>
			<ordering>N/A</ordering>
			<turnarnd>N/A</turnarnd>
		</stdorder>
		<custom>THE CITY OF PHILADELPHIA DOES NOT CURRENTLY HAVE A COMMERCIAL DISTRIBUTION POLICY.</custom>
		<techpreq></techpreq>
		<availabl>
			<timeinfo>
				<sngdate>
					<caldate>Unknown</caldate>
					<time>Unknown</time>
				</sngdate>
			</timeinfo>
		</availabl>
	</distinfo>
	<distinfo>
		<distrib>
			<cntinfo>
				<cntorgp>
					<cntorg>Pennsylvania Spatial Data Access (PASDA)</cntorg>
				</cntorgp>
				<cntaddr>
					<addrtype>mailing address</addrtype>
					<address>115 Land and Water building</address>
					<city>University Park</city>
					<state>Pennsylvania</state>
					<postal>16802</postal>
					<country>United States</country>
				</cntaddr>
				<cntvoice>(814) 865 - 8792</cntvoice>
				<cntemail>pasda@psu.edu</cntemail>
			</cntinfo>
		</distrib>
		<distliab>The USER shall indemnify, save harmless, and, if requested, defend those parties involved with the development and distribution of this data, their officers, agents, and employees from and against any suits, claims, or actions for injury, death, or property damage arising out of the use of or any defect in the FILES or any accompanying documentation. Those parties involved with the development and distribution excluded any and all implied warranties, including warranties or merchantability and fitness for a particular purpose and makes no warranty or representation, either express or implied, with respect to the FILES or accompanying documentation, including its quality, performance, merchantability, or fitness for a particular purpose. The FILES and documentation are provided "as is" and the USER assumes the entire risk as to its quality and performance. Those parties involved with the development and distribution of this data will not be liable for any direct, indirect, special, incidental, or consequential damages arising out of the use or inability to use the FILES or any accompanying documentation.</distliab>
	</distinfo>
	<metainfo>
		<metd>201201</metd>
		<metc>
			<cntinfo>
				<cntperp>
					<cntper>Pauline Bogush</cntper>
					<cntorg>Philadelphia City Planning Commission - GIS Division</cntorg>
				</cntperp>
				<cntpos>GIS Specialist</cntpos>
				<cntaddr>
					<addrtype>mailing and physical address</addrtype>
					<address>1515 Arch Street - 13th Floor</address>
					<city>Philadelphia</city>
					<state>PA</state>
					<postal>19102</postal>
					<country>USA</country>
				</cntaddr>
				<cntvoice>215-683-4662</cntvoice>
				<cnttdd></cnttdd>
				<cntfax>215-683-4630</cntfax>
				<cntemail>pauline.bogush@phila.gov</cntemail>
				<hours>8:00 AM - 4:30 PM</hours>
				<cntinst></cntinst>
			</cntinfo>
		</metc>
		<metstdn>FGDC Content Standards for Digital Geospatial Metadata</metstdn>
		<metstdv>FGDC-STD-001-1998</metstdv>
		<mettc>local time</mettc>
		<metextns>
			<onlink>http://www.esri.com/metadata/esriprof80.html</onlink>
			<metprof>ESRI Metadata Profile</metprof>
		</metextns>
		<metextns>
			<onlink>http://www.esri.com/metadata/esriprof80.html</onlink>
			<metprof>ESRI Metadata Profile</metprof>
		</metextns>
	</metainfo>
	<Esri><ModDate>20080612</ModDate><ModTime>12464400</ModTime></Esri><mdDateSt Sync="TRUE">20080612</mdDateSt></metadata>
